Type,Filter,TRUTH.TOTAL,TRUTH.TP,TRUTH.FN,QUERY.TOTAL,QUERY.FP,QUERY.UNK,FP.gt,METRIC.Recall,METRIC.Precision,METRIC.Frac_NA,METRIC.F1_Score,TRUTH.TOTAL.TiTv_ratio,QUERY.TOTAL.TiTv_ratio,TRUTH.TOTAL.het_hom_ratio,QUERY.TOTAL.het_hom_ratio
INDEL,ALL,7225,6032,1193,7248,1139,7,101,0.834879,0.842701,0.000966,0.838772,,,2.33365064255,2.41433317513
INDEL,PASS,7225,6032,1193,7248,1139,7,101,0.834879,0.842701,0.000966,0.838772,,,2.33365064255,2.41433317513
SNP,ALL,49523,47708,1815,50924,3205,0,166,0.96335,0.937063,0.0,0.950025,2.40360038477,2.3800517619,1.64615960233,1.69976133652
SNP,PASS,49523,47708,1815,50924,3205,0,166,0.96335,0.937063,0.0,0.950025,2.40360038477,2.3800517619,1.64615960233,1.69976133652
