Type,Filter,TRUTH.TOTAL,TRUTH.TP,TRUTH.FN,QUERY.TOTAL,QUERY.FP,QUERY.UNK,FP.gt,METRIC.Recall,METRIC.Precision,METRIC.Frac_NA,METRIC.F1_Score,TRUTH.TOTAL.TiTv_ratio,QUERY.TOTAL.TiTv_ratio,TRUTH.TOTAL.het_hom_ratio,QUERY.TOTAL.het_hom_ratio
INDEL,ALL,7350,5702,1648,8543,2865,33,249,0.775782,0.663337,0.003863,0.715167,,,2.46216087577,3.48277689454
INDEL,PASS,7350,5702,1648,8543,2865,33,249,0.775782,0.663337,0.003863,0.715167,,,2.46216087577,3.48277689454
SNP,ALL,49540,47501,2039,57653,10074,17,252,0.958841,0.825213,0.000295,0.887023,2.40289795358,1.83929098966,1.64706825592,2.0142266855
SNP,PASS,49540,47501,2039,57653,10074,17,252,0.958841,0.825213,0.000295,0.887023,2.40289795358,1.83929098966,1.64706825592,2.0142266855
