Type,Filter,TRUTH.TOTAL,TRUTH.TP,TRUTH.FN,QUERY.TOTAL,QUERY.FP,QUERY.UNK,FP.gt,METRIC.Recall,METRIC.Precision,METRIC.Frac_NA,METRIC.F1_Score,TRUTH.TOTAL.TiTv_ratio,QUERY.TOTAL.TiTv_ratio,TRUTH.TOTAL.het_hom_ratio,QUERY.TOTAL.het_hom_ratio
INDEL,ALL,7350,5683,1667,28279,1677,20966,237,0.773197,0.770682,0.741398,0.771938,,,2.46216087577,1.87156150936
INDEL,PASS,7350,5168,2182,15483,1014,9340,135,0.703129,0.834934,0.603242,0.763384,,,2.46216087577,2.24170014802
SNP,ALL,49540,47412,2128,1309418,32791,1229161,495,0.957045,0.591425,0.938708,0.73107,2.40289795358,0.937053360151,1.64706825592,3.27512010948
SNP,PASS,49540,45285,4255,159382,2389,111657,182,0.91411,0.949942,0.700562,0.931682,2.40289795358,1.51854717726,1.64706825592,2.7687701193
